AGCO Corp	AGCO CORP COM	1084102	14	SH	275	AGCO Corp	SOLE	AGCO Corp	275	0	0
ALPS Alerian MLP ETF	ALPS ETF TR ALERIAN MLP	00162Q866	10	SH	762	ALPS Alerian MLP ETF	SOLE	ALPS Alerian MLP ETF	762	0	0
AT&T Inc	AT&T INC COM	00206R102	5831	SH	143583	AT&T Inc	SOLE	AT&T Inc	143583	0	0
Abbott Labs Common	ABBOTT LABS COM	2824100	1411	SH	33355	Abbott Labs Common	SOLE	Abbott Labs Common	33355	0	0
AbbVie Inc	ABBVIE INC COM	00287Y109	2661	SH	42185	AbbVie Inc	SOLE	AbbVie Inc	42185	0	0
Air Products & Chemicals Inc	PRODS & CHEMS INC COM	9158106	5	SH	33	Air Products & Chemicals Inc	SOLE	Air Products & Chemicals Inc	33	0	0
Alaska Air Group Inc 	ALASKA AIR GROUP INC COM	11659109	111	SH	1690	Alaska Air Group Inc 	SOLE	Alaska Air Group Inc 	1690	0	0
Alcoa Inc Com	ALCOA INC COM	13817101	1	SH	100	Alcoa Inc Com	SOLE	Alcoa Inc Com	100	0	0
Allianz GI Equity & Conv Income	ALLIANZGI EQUITY & CONV INCO COM	18829101	21	SH	1104	Allianz GI Equity & Conv Income	SOLE	Allianz GI Equity & Conv Income	1104	0	0
Allstate Corp	ALLSTATE CORP COM	20002101	1375	SH	19876	Allstate Corp	SOLE	Allstate Corp	19876	0	0
Alphabet Inc - A	ALPHABET INC CAP STK CL A	02079K305	3630	SH	4514	Alphabet Inc - A	SOLE	Alphabet Inc - A	4514	0	0
Altria Group Inc	ALTRIA GROUP INC COM	02209S103	96	SH	1514	Altria Group Inc	SOLE	Altria Group Inc	1514	0	0
Amazon.com Inc	AMAZON COM INC COM	23135106	3189	SH	3809	Amazon.com Inc	SOLE	Amazon.com Inc	3809	0	0
American Airlines Group Inc	AMERICAN AIRLS GROUP INC COM	02376R102	27	SH	750	American Airlines Group Inc	SOLE	American Airlines Group Inc	750	0	0
American Electrical Power Inc	AMERICAN ELEC PWR INC COM	25537101	61	SH	943	American Electrical Power Inc	SOLE	American Electrical Power Inc	943	0	0
American Express	AMERICAN EXPRESS CO COM	25816109	13	SH	200	American Express	SOLE	American Express	200	0	0
American Financial Group	AMERICAN FINL GROUP INC OHIO COM	25932104	9	SH	120	American Financial Group	SOLE	American Financial Group	120	0	0
American Tower REIT	AMERICAN TOWER CORP NEW COM	03027X100	4318	SH	38105	American Tower REIT	SOLE	American Tower REIT	38105	0	0
Amgen Inc	AMGEN INC COM	31162100	2574	SH	15430	Amgen Inc	SOLE	Amgen Inc	15430	0	0
Amtrust Finl Services Inc	AMTRUST FINL SVCS INC COM	32359309	20	SH	750	Amtrust Finl Services Inc	SOLE	Amtrust Finl Services Inc	750	0	0
Anadarko Petroleum Corp	ANADARKO PETE CORP COM	32511107	115	SH	1814	Anadarko Petroleum Corp	SOLE	Anadarko Petroleum Corp	1814	0	0
Anheuser Busch Inbev SPN ADR	ANHEUSER BUSCH INBEV SA/NV SPONSORED ADR	03524A108	4	SH	29	Anheuser Busch Inbev SPN ADR	SOLE	Anheuser Busch Inbev SPN ADR	29	0	0
Anthem Inc.	ANTHEM INC COM	36752103	3	SH	23	Anthem Inc.	SOLE	Anthem Inc.	23	0	0
Apartment Invt & Mgmt Co - A REIT	APARTMENT INVT & MGMT CO CL A	03748R101	6	SH	138	Apartment Invt & Mgmt Co - A REIT	SOLE	Apartment Invt & Mgmt Co - A REIT	138	0	0
Apple Inc	APPLE INC COM	37833100	5104	SH	45152	Apple Inc	SOLE	Apple Inc	45152	0	0
Archer-Daniels-Midland	ARCHER DANIELS MIDLAND CO COM	39483102	231	SH	5488	Archer-Daniels-Midland	SOLE	Archer-Daniels-Midland	5488	0	0
Astrazeneca Plc ADR  F	ASTRAZENECA PLC SPONSORED ADR	46353108	18	SH	550	Astrazeneca Plc ADR  F	SOLE	Astrazeneca Plc ADR  F	550	0	0
Automatic Data Processing	AUTOMATIC DATA PROCESSING IN COM	53015103	267	SH	3032	Automatic Data Processing	SOLE	Automatic Data Processing	3032	0	0
BP PLC ADR - F	PLC SPONSORED ADR	55622104	16	SH	464	BP PLC ADR - F	SOLE	BP PLC ADR - F	464	0	0
Bancfirst Corp 	BANCFIRST CORP COM	05945F103	29	SH	400	Bancfirst Corp 	SOLE	Bancfirst Corp 	400	0	0
Bank Of America	BANK AMER CORP COM	60505104	138	SH	8792	Bank Of America	SOLE	Bank Of America	8792	0	0
Baxter Intl Inc	BAXTER INTL INC COM	71813109	19	SH	405	Baxter Intl Inc	SOLE	Baxter Intl Inc	405	0	0
Becton Dickinson & Co	BECTON DICKINSON & CO COM	75887109	4	SH	20	Becton Dickinson & Co	SOLE	Becton Dickinson & Co	20	0	0
Bemis Co Inc	BEMIS INC COM	81437105	16	SH	323	Bemis Co Inc	SOLE	Bemis Co Inc	323	0	0
WR Berkley Corp	BERKLEY W R CORP COM	84423102	18	SH	320	WR Berkley Corp	SOLE	WR Berkley Corp	320	0	0
Berkshire Hathaway Class A	BERKSHIRE HATHAWAY INC DEL CL A	84670108	432	SH	2	Berkshire Hathaway Class A	SOLE	Berkshire Hathaway Class A	2	0	0
Berkshire Hathaway Class B	BERKSHIRE HATHAWAY INC DEL CL B NEW	84670702	5144	SH	35605	Berkshire Hathaway Class B	SOLE	Berkshire Hathaway Class B	35605	0	0
Blackrock Inc	BLACKROCK INC COM	09247X101	4465	SH	12318	Blackrock Inc	SOLE	Blackrock Inc	12318	0	0
Blackrock Muni Hldgs New Jersey Quality CEF	BLACKROCK MUNIHLDGS NJ QLTY COM	09254X101	24	SH	1503	Blackrock Muni Hldgs New Jersey Quality CEF	SOLE	Blackrock Muni Hldgs New Jersey Quality CEF	1503	0	0
H&R Block Inc	BLOCK H & R INC COM	93671105	7	SH	315	H&R Block Inc	SOLE	H&R Block Inc	315	0	0
Boeing	BOEING CO COM	97023105	286	SH	2173	Boeing	SOLE	Boeing	2173	0	0
Bristol-Myers Squibb	BRISTOL MYERS SQUIBB CO COM	110122108	123	SH	2280	Bristol-Myers Squibb	SOLE	Bristol-Myers Squibb	2280	0	0
CBS Corp Cl B	CORP NEW CL B	124857202	33	SH	596	CBS Corp Cl B	SOLE	CBS Corp Cl B	596	0	0
CDK Global Inc Common	GLOBAL INC COM	12508E101	88	SH	1533	CDK Global Inc Common	SOLE	CDK Global Inc Common	1533	0	0
CMS Energy	ENERGY CORP COM	125896100	102	SH	2427	CMS Energy	SOLE	CMS Energy	2427	0	0
CSX Corp	CORP COM	126408103	969	SH	31763	CSX Corp	SOLE	CSX Corp	31763	0	0
CVS Corporation	HEALTH CORP COM	126650100	3604	SH	40503	CVS Corporation	SOLE	CVS Corporation	40503	0	0
Cabelas Inc 	CABELAS INC COM	126804301	8	SH	150	Cabelas Inc 	SOLE	Cabelas Inc 	150	0	0
Calamos Global Dynamic Income Fd	CALAMOS GBL DYN INCOME FUND COM	12811L107	20	SH	2650	Calamos Global Dynamic Income Fd	SOLE	Calamos Global Dynamic Income Fd	2650	0	0
Calamos Strategic Total Return CEF	CALAMOS STRATEGIC TOTL RETN COM SH BEN INT	128125101	62	SH	6034	Calamos Strategic Total Return CEF	SOLE	Calamos Strategic Total Return CEF	6034	0	0
California Res Corp Common New	CALIFORNIA RES CORP COM NEW	13057Q206	1	SH	8	California Res Corp Common New	SOLE	California Res Corp Common New	8	0	0
Calumet Specialty Prodspartners L P Common Units Repstg Ltdpartner	CALUMET SPECIALTY PRODS PTNR UT LTD PARTNER	131476103	43	SH	9600	Calumet Specialty Prodspartners L P Common Units Repstg Ltdpartner	SOLE	Calumet Specialty Prodspartners L P Common Units Repstg Ltdpartner	9600	0	0
Capitol Federal Finl Inc.	CAPITOL FED FINL INC COM	14057J101	10	SH	722	Capitol Federal Finl Inc.	SOLE	Capitol Federal Finl Inc.	722	0	0
Cardinal Health Inc.	CARDINAL HEALTH INC COM	14149Y108	17	SH	224	Cardinal Health Inc.	SOLE	Cardinal Health Inc.	224	0	0
Carnival Corp New F	CARNIVAL CORP UNIT 99/99/9999	143658300	17	SH	350	Carnival Corp New F	SOLE	Carnival Corp New F	350	0	0
Caterpillar Inc	CATERPILLAR INC DEL COM	149123101	480	SH	5409	Caterpillar Inc	SOLE	Caterpillar Inc	5409	0	0
Celgene Corp	CELGENE CORP COM	151020104	4	SH	40	Celgene Corp	SOLE	Celgene Corp	40	0	0
Centerpoint Energy Inc	CENTERPOINT ENERGY INC COM	15189T107	23	SH	1000	Centerpoint Energy Inc	SOLE	Centerpoint Energy Inc	1000	0	0
Central Fund Of Canada	CENTRAL FD CDA LTD CL A	153501101	5	SH	369	Central Fund Of Canada	SOLE	Central Fund Of Canada	369	0	0
Century Link, Inc.	CENTURYLINK INC COM	156700106	11	SH	389	Century Link, Inc.	SOLE	Century Link, Inc.	389	0	0
Cerner Corp	CERNER CORP COM	156782104	1064	SH	17235	Cerner Corp	SOLE	Cerner Corp	17235	0	0
Charter Communications Inc New Class A	CHARTER COMMUNICATIONS INC N CL A	16119P108	1	SH	3	Charter Communications Inc New Class A	SOLE	Charter Communications Inc New Class A	3	0	0
Chevron Corp	CHEVRON CORP NEW COM	166764100	955	SH	9276	Chevron Corp	SOLE	Chevron Corp	9276	0	0
Chicago Bridge & Iron Co NV	CHICAGO BRIDGE & IRON CO N V COM	167250109	5	SH	180	Chicago Bridge & Iron Co NV	SOLE	Chicago Bridge & Iron Co NV	180	0	0
CION Investment Corp	COM	17259U105	42	SH	4785	CION Investment Corp	SOLE	CION Investment Corp	4785	0	0
Cisco Systems	CISCO SYS INC COM	17275R102	6404	SH	201891	Cisco Systems	SOLE	Cisco Systems	201891	0	0
Guggenheim BulletShares 2025 Corp ETF	CLAYMORE EXCHANGE TRD FD TR GUGENHIM 2025	18383M191	80	SH	3746	Guggenheim BulletShares 2025 Corp ETF	SOLE	Guggenheim BulletShares 2025 Corp ETF	3746	0	0
Guggenheim BulletShares 2024 Corp ETF	CLAYMORE EXCHANGE TRD FD TR 2024 CORP BOND	18383M233	94	SH	4392	Guggenheim BulletShares 2024 Corp ETF	SOLE	Guggenheim BulletShares 2024 Corp ETF	4392	0	0
Guggenheim BulletShares 2023 Corp ETF	CLAYMORE EXCHANGE TRD FD TR 2023 CORP BOND	18383M241	271	SH	12671	Guggenheim BulletShares 2023 Corp ETF	SOLE	Guggenheim BulletShares 2023 Corp ETF	12671	0	0
Guggenheim BulletShares 2022 Corp ETF	CLAYMORE EXCHANGE TRD FD TR GUGG BULSH 2022	18383M258	289	SH	13337	Guggenheim BulletShares 2022 Corp ETF	SOLE	Guggenheim BulletShares 2022 Corp ETF	13337	0	0
Guggenheim BulletShares 2021 Corp ETF	CLAYMORE EXCHANGE TRD FD TR GUGG BULSH 2021	18383M266	99	SH	4603	Guggenheim BulletShares 2021 Corp ETF	SOLE	Guggenheim BulletShares 2021 Corp ETF	4603	0	0
Guggenheim BulletShares 2020 Corp ETF	CLAYMORE EXCHANGE TRD FD TR GUG BULL2020 E	18383M514	211	SH	9698	Guggenheim BulletShares 2020 Corp ETF	SOLE	Guggenheim BulletShares 2020 Corp ETF	9698	0	0
Guggenheim BulletShares 2019 Corp ETF	CLAYMORE EXCHANGE TRD FD TR GUG BULL2019 E	18383M522	153	SH	7158	Guggenheim BulletShares 2019 Corp ETF	SOLE	Guggenheim BulletShares 2019 Corp ETF	7158	0	0
Guggenheim BulletShares 2018 Corp ETF	CLAYMORE EXCHANGE TRD FD TR GUG BULL2018 E	18383M530	328	SH	15389	Guggenheim BulletShares 2018 Corp ETF	SOLE	Guggenheim BulletShares 2018 Corp ETF	15389	0	0
Guggenheim BulletShares 2017 Corp ETF	CLAYMORE EXCHANGE TRD FD TR GUGG CRP BD 2017	18383M548	191	SH	8432	Guggenheim BulletShares 2017 Corp ETF	SOLE	Guggenheim BulletShares 2017 Corp ETF	8432	0	0
Guggenheim BulletShares 2016 Corp ETF	CLAYMORE EXCHANGE TRD FD TR GUGG CRP BD 2016	18383M555	76	SH	3450	Guggenheim BulletShares 2016 Corp ETF	SOLE	Guggenheim BulletShares 2016 Corp ETF	3450	0	0
Clorox Company	CLOROX CO DEL COM	189054109	66	SH	525	Clorox Company	SOLE	Clorox Company	525	0	0
Coca Cola Company	COCA COLA CO COM	191216100	385	SH	9105	Coca Cola Company	SOLE	Coca Cola Company	9105	0	0
Colgate-Palmolive	COLGATE PALMOLIVE CO COM	194162103	311	SH	4200	Colgate-Palmolive	SOLE	Colgate-Palmolive	4200	0	0
Comcast Corp Class A	COMCAST CORP NEW CL A	20030N101	121	SH	1817	Comcast Corp Class A	SOLE	Comcast Corp Class A	1817	0	0
Commerce Bancshares Inc	COMMERCE BANCSHARES INC COM	200525103	67	SH	1367	Commerce Bancshares Inc	SOLE	Commerce Bancshares Inc	1367	0	0
Communications Sales & Leasing Inc	COMMUNICATIONS SALES&LEAS IN COM	20341J104	2	SH	51	Communications Sales & Leasing Inc	SOLE	Communications Sales & Leasing Inc	51	0	0
Compass Minerals Intl Inc Common	COMPASS MINERALS INTL INC COM	20451N101	19	SH	255	Compass Minerals Intl Inc Common	SOLE	Compass Minerals Intl Inc Common	255	0	0
Conagra	CONAGRA FOODS INC COM	205887102	271	SH	5758	Conagra	SOLE	Conagra	5758	0	0
Conocophillips	CONOCOPHILLIPS COM	20825C104	229	SH	5262	Conocophillips	SOLE	Conocophillips	5262	0	0
Consolidated Edison Inc	CONSOLIDATED EDISON INC COM	209115104	19	SH	250	Consolidated Edison Inc	SOLE	Consolidated Edison Inc	250	0	0
Corning Inc	CORNING INC COM	219350105	30	SH	1279	Corning Inc	SOLE	Corning Inc	1279	0	0
Corporate Capital Trust, Inc.	COM	219880101	40	SH	4545	Corporate Capital Trust, Inc.	SOLE	Corporate Capital Trust, Inc.	4545	0	0
Cracker Barrel Old Ctry Store Inc	CRACKER BARREL OLD CTRY STOR COM	22410J106	3	SH	25	Cracker Barrel Old Ctry Store Inc	SOLE	Cracker Barrel Old Ctry Store Inc	25	0	0
Cummins Inc	CUMMINS INC COM	231021106	7	SH	55	Cummins Inc	SOLE	Cummins Inc	55	0	0
Cypress Income Fund 11 LLC	COM	23299E986	7	SH	16575	Cypress Income Fund 11 LLC	SOLE	Cypress Income Fund 11 LLC	16575	0	0
Danaher Corporation	DANAHER CORP DEL COM	235851102	3	SH	34	Danaher Corporation	SOLE	Danaher Corporation	34	0	0
Deere & Co	DEERE & CO COM	244199105	308	SH	3603	Deere & Co	SOLE	Deere & Co	3603	0	0
Deutsche Mun Income Tr Common	DEUTSCHE MUN INCOME COM	25160C106	4	SH	300	Deutsche Mun Income Tr Common	SOLE	Deutsche Mun Income Tr Common	300	0	0
Devon Energy Corp	DEVON ENERGY CORP NEW COM	25179M103	9	SH	195	Devon Energy Corp	SOLE	Devon Energy Corp	195	0	0
Diageo Plc ADR	DIAGEO P L C SPON ADR NEW	25243Q205	6	SH	54	Diageo Plc ADR	SOLE	Diageo Plc ADR	54	0	0
Dick's Sporting Goods Inc 	DICKS SPORTING GOODS INC COM	253393102	1603	SH	28262	Dick's Sporting Goods Inc 	SOLE	Dick's Sporting Goods Inc 	28262	0	0
Walt Disney Company	DISNEY WALT CO COM DISNEY	254687106	3774	SH	40647	Walt Disney Company	SOLE	Walt Disney Company	40647	0	0
Discover Financial Services	DISCOVER FINL SVCS COM	254709108	5400	SH	95491	Discover Financial Services	SOLE	Discover Financial Services	95491	0	0
Dollar Gen Corp New Common	DOLLAR GEN CORP NEW COM	256677105	14	SH	200	Dollar Gen Corp New Common	SOLE	Dollar Gen Corp New Common	200	0	0
Dollar Tree Inc	DOLLAR TREE INC COM	256746108	14	SH	180	Dollar Tree Inc	SOLE	Dollar Tree Inc	180	0	0
Dominion Resources Inc	DOMINION RES INC VA NEW COM	25746U109	80	SH	1082	Dominion Resources Inc	SOLE	Dominion Resources Inc	1082	0	0
Donnelley Rr & Sons Co	DONNELLEY R R & SONS CO COM	257867101	8	SH	535	Donnelley Rr & Sons Co	SOLE	Donnelley Rr & Sons Co	535	0	0
Dover Corp	DOVER CORP COM	260003108	3	SH	39	Dover Corp	SOLE	Dover Corp	39	0	0
Dow Chemical	CHEM CO COM	260543103	21	SH	400	Dow Chemical	SOLE	Dow Chemical	400	0	0
Dupont	PONT E I DE NEMOURS & CO COM	263534109	406	SH	6069	Dupont	SOLE	Dupont	6069	0	0
Duke Energy Corp.	DUKE ENERGY CORP NEW COM NEW	26441C204	10	SH	130	Duke Energy Corp.	SOLE	Duke Energy Corp.	130	0	0
Eastman Chemical Co	EASTMAN CHEM CO COM	277432100	10	SH	150	Eastman Chemical Co	SOLE	Eastman Chemical Co	150	0	0
Eaton Vance Limited Duration Income Fund CEF	EATON VANCE LTD DUR INCOME F COM	27828H105	15	SH	1100	Eaton Vance Limited Duration Income Fund CEF	SOLE	Eaton Vance Limited Duration Income Fund CEF	1100	0	0
Ecolab Inc	ECOLAB INC COM	278865100	3	SH	25	Ecolab Inc	SOLE	Ecolab Inc	25	0	0
Edison International	EDISON INTL COM	281020107	12	SH	163	Edison International	SOLE	Edison International	163	0	0
Edwards Lifesciences Corp	EDWARDS LIFESCIENCES CORP COM	28176E108	29	SH	240	Edwards Lifesciences Corp	SOLE	Edwards Lifesciences Corp	240	0	0
Energizer Holdings Inc	ENERGIZER HLDGS INC NEW COM	29272W109	5	SH	110	Energizer Holdings Inc	SOLE	Energizer Holdings Inc	110	0	0
Eversource Energy	EVERSOURCE ENERGY COM	30040W108	68	SH	1250	Eversource Energy	SOLE	Eversource Energy	1250	0	0
Exelon Corp	EXELON CORP COM	30161N101	1823	SH	54747	Exelon Corp	SOLE	Exelon Corp	54747	0	0
Express Scripts Holdings	EXPRESS SCRIPTS HLDG CO COM	30219G108	2691	SH	38160	Express Scripts Holdings	SOLE	Express Scripts Holdings	38160	0	0
Exxon Mobil Corp	EXXON MOBIL CORP COM	30231G102	2383	SH	27301	Exxon Mobil Corp	SOLE	Exxon Mobil Corp	27301	0	0
FBL Financial Group Inc A	FINL GROUP INC CL A	30239F106	640	SH	10000	FBL Financial Group Inc A	SOLE	FBL Financial Group Inc A	10000	0	0
Facebook Inc Class A	FACEBOOK INC CL A	30303M102	3010	SH	23464	Facebook Inc Class A	SOLE	Facebook Inc Class A	23464	0	0
Farmland Partners Inc	FARMLAND PARTNERS INC COM	31154R109	3	SH	250	Farmland Partners Inc	SOLE	Farmland Partners Inc	250	0	0
Fastenol Co	FASTENAL CO COM	311900104	17	SH	400	Fastenol Co	SOLE	Fastenol Co	400	0	0
Federal Realty Invs Trust	FEDERAL REALTY INVT TR SH BEN INT NEW	313747206	16	SH	105	Federal Realty Invs Trust	SOLE	Federal Realty Invs Trust	105	0	0
Federated Invs Inc Pa Class B	FEDERATED INVS INC PA CL B	314211103	6	SH	200	Federated Invs Inc Pa Class B	SOLE	Federated Invs Inc Pa Class B	200	0	0
FedEx Corporation	FEDEX CORP COM	31428X106	47	SH	270	FedEx Corporation	SOLE	FedEx Corporation	270	0	0
First Tr Exchange Traded Fdii Nasdaq Clean Edgesmart Grid Infrastructure	FIRST TR EXCH TRADED FD II NASDQ CLN EDGE	33737A108	66	SH	1670	First Tr Exchange Traded Fdii Nasdaq Clean Edgesmart Grid Infrastructure	SOLE	First Tr Exchange Traded Fdii Nasdaq Clean Edgesmart Grid Infrastructure	1670	0	0
First Energy Corp	FIRSTENERGY CORP COM	337932107	7	SH	207	First Energy Corp	SOLE	First Energy Corp	207	0	0
Flaherty & Crumrine Dynamicpfd & Income Fund Inc Shs	FLAHERTY & CRUMRINE DYN PFD SHS	33848W106	10	SH	400	Flaherty & Crumrine Dynamicpfd & Income Fund Inc Shs	SOLE	Flaherty & Crumrine Dynamicpfd & Income Fund Inc Shs	400	0	0
Fluor Corporation New	FLUOR CORP NEW COM	343412102	818	SH	15933	Fluor Corporation New	SOLE	Fluor Corporation New	15933	0	0
Ford Motor Company New	FORD MTR CO DEL COM PAR $0.01	345370860	42	SH	3452	Ford Motor Company New	SOLE	Ford Motor Company New	3452	0	0
Fortive Corp Common	FORTIVE CORP COM	34959J108	1	SH	17	Fortive Corp Common	SOLE	Fortive Corp Common	17	0	0
Franklin Resources Inc	FRANKLIN RES INC COM	354613101	4	SH	110	Franklin Resources Inc	SOLE	Franklin Resources Inc	110	0	0
Arthur J Gallagher & Co	GALLAGHER ARTHUR J & CO COM	363576109	10	SH	202	Arthur J Gallagher & Co	SOLE	Arthur J Gallagher & Co	202	0	0
General Dynamics Corp 	GENERAL DYNAMICS CORP COM	369550108	4	SH	25	General Dynamics Corp 	SOLE	General Dynamics Corp 	25	0	0
General Electric	GENERAL ELECTRIC CO COM	369604103	1661	SH	56090	General Electric	SOLE	General Electric	56090	0	0
General Mills Incorporated	GENERAL MLS INC COM	370334104	178	SH	2790	General Mills Incorporated	SOLE	General Mills Incorporated	2790	0	0
Genuine Parts Co	GENUINE PARTS CO COM	372460105	2	SH	20	Genuine Parts Co	SOLE	Genuine Parts Co	20	0	0
Gilead Sciences Inc	GILEAD SCIENCES INC COM	375558103	3972	SH	50196	Gilead Sciences Inc	SOLE	Gilead Sciences Inc	50196	0	0
Glaxo Smith Kline PLC	GLAXOSMITHKLINE PLC SPONSORED ADR	37733W105	22	SH	507	Glaxo Smith Kline PLC	SOLE	Glaxo Smith Kline PLC	507	0	0
Global X Funds Global X Mlp 	GLOBAL X FDS GLBL X MLP ETF	37950E473	4	SH	326	Global X Funds Global X Mlp 	SOLE	Global X Funds Global X Mlp 	326	0	0
Goldman Sachs Grp Inc	GOLDMAN SACHS GROUP INC COM	38141G104	43	SH	268	Goldman Sachs Grp Inc	SOLE	Goldman Sachs Grp Inc	268	0	0
Goodyear Tire & Rubber	GOODYEAR TIRE & RUBR CO COM	382550101	6	SH	200	Goodyear Tire & Rubber	SOLE	Goodyear Tire & Rubber	200	0	0
WW Grainger Inc	GRAINGER W W INC COM	384802104	4	SH	16	WW Grainger Inc	SOLE	WW Grainger Inc	16	0	0
HMS Income Fund, Inc.	COM	40427D102	40	SH	5128	HMS Income Fund, Inc.	SOLE	HMS Income Fund, Inc.	5128	0	0
Hp Inc Common	INC COM	40434L105	24	SH	1522	Hp Inc Common	SOLE	Hp Inc Common	1522	0	0
Habit Restaurants Inc	HABIT RESTAURANTS INC COM CL A	40449J103	6	SH	425	Habit Restaurants Inc	SOLE	Habit Restaurants Inc	425	0	0
Halliburton Company	HALLIBURTON CO COM	406216101	58	SH	1302	Halliburton Company	SOLE	Halliburton Company	1302	0	0
Harley Davidson Inc	HARLEY DAVIDSON INC COM	412822108	13	SH	250	Harley Davidson Inc	SOLE	Harley Davidson Inc	250	0	0
Hasbro Inc	HASBRO INC COM	418056107	2	SH	30	Hasbro Inc	SOLE	Hasbro Inc	30	0	0
Helmerich & Payne Inc	HELMERICH & PAYNE INC COM	423452101	13	SH	200	Helmerich & Payne Inc	SOLE	Helmerich & Payne Inc	200	0	0
Jack Henry & Assoc Inc	HENRY JACK & ASSOC INC COM	426281101	1064	SH	12434	Jack Henry & Assoc Inc	SOLE	Jack Henry & Assoc Inc	12434	0	0
Hershey Co	HERSHEY CO COM	427866108	64	SH	665	Hershey Co	SOLE	Hershey Co	665	0	0
Hewlett Packard Enterprise Common	HEWLETT PACKARD ENTERPRISE C COM	42824C109	35	SH	1522	Hewlett Packard Enterprise Common	SOLE	Hewlett Packard Enterprise Common	1522	0	0
Home Depot Inc	HOME DEPOT INC COM	437076102	4019	SH	31232	Home Depot Inc	SOLE	Home Depot Inc	31232	0	0
Honeywell International	HONEYWELL INTL INC COM	438516106	79	SH	681	Honeywell International	SOLE	Honeywell International	681	0	0
Hormel Foods Corp	HORMEL FOODS CORP COM	440452100	42	SH	1100	Hormel Foods Corp	SOLE	Hormel Foods Corp	1100	0	0
ITT Inc.	INC COM	45073V108	5	SH	132	ITT Inc.	SOLE	ITT Inc.	132	0	0
Idacorp Inc	IDACORP INC COM	451107106	55	SH	700	Idacorp Inc	SOLE	Idacorp Inc	700	0	0
Illinois Tool Works Inc	ILLINOIS TOOL WKS INC COM	452308109	255	SH	2132	Illinois Tool Works Inc	SOLE	Illinois Tool Works Inc	2132	0	0
Intel Corp	INTEL CORP COM	458140100	2000	SH	52975	Intel Corp	SOLE	Intel Corp	52975	0	0
Intergroup Corp Com	INTERGROUP CORP COM	458685104	4	SH	150	Intergroup Corp Com	SOLE	Intergroup Corp Com	150	0	0
IBM Corporation	INTERNATIONAL BUSINESS MACHS COM	459200101	396	SH	2495	IBM Corporation	SOLE	IBM Corporation	2495	0	0
International Paper Co	INTL PAPER CO COM	460146103	22	SH	453	International Paper Co	SOLE	International Paper Co	453	0	0
Ishares Gold Tr Ishares	ISHARES GOLD TRUST ISHARES	464285105	5	SH	389	Ishares Gold Tr Ishares	SOLE	Ishares Gold Tr Ishares	389	0	0
iShares Barclays TIPS Bond ETF	ISHARES TR TIPS BD ETF	464287176	404	SH	3464	iShares Barclays TIPS Bond ETF	SOLE	iShares Barclays TIPS Bond ETF	3464	0	0
iShares Core S&P 500 ETF	ISHARES TR CORE S&P500 ETF	464287200	2961	SH	13608	iShares Core S&P 500 ETF	SOLE	iShares Core S&P 500 ETF	13608	0	0
iShares Core Total U.S. Bond Market ETF	ISHARES TR CORE US AGGBD ET	464287226	2116	SH	18824	iShares Core Total U.S. Bond Market ETF	SOLE	iShares Core Total U.S. Bond Market ETF	18824	0	0
iShares IBOXX US Inv Grade Corp Bond ETF	ISHARES TR IBOXX INV CP ETF	464287242	788	SH	6399	iShares IBOXX US Inv Grade Corp Bond ETF	SOLE	iShares IBOXX US Inv Grade Corp Bond ETF	6399	0	0
iShares S&P Global Health Care Sector ETF	ISHARES TR GLOB HLTHCRE ETF	464287325	50	SH	492	iShares S&P Global Health Care Sector ETF	SOLE	iShares S&P Global Health Care Sector ETF	492	0	0
iShares S&P Global Energy Sector ETF	ISHARES TR GLOBAL ENERG ETF	464287341	224	SH	6818	iShares S&P Global Energy Sector ETF	SOLE	iShares S&P Global Energy Sector ETF	6818	0	0
iShares Barclays 7-10 Yr Treas Bond ETF	ISHARES TR 7-10 Y TR BD ETF	464287440	20	SH	180	iShares Barclays 7-10 Yr Treas Bond ETF	SOLE	iShares Barclays 7-10 Yr Treas Bond ETF	180	0	0
iShares Russell Midcap Value Index ETF	ISHARES TR RUS MDCP VAL ETF	464287473	30	SH	397	iShares Russell Midcap Value Index ETF	SOLE	iShares Russell Midcap Value Index ETF	397	0	0
iShares Russell Midcap Growth Index ETF	ISHARES TR RUS MD CP GR ETF	464287481	32	SH	327	iShares Russell Midcap Growth Index ETF	SOLE	iShares Russell Midcap Growth Index ETF	327	0	0
iShares Core S&P Mid-Cap ETF	ISHARES TR CORE S&P MCP ETF	464287507	816	SH	5275	iShares Core S&P Mid-Cap ETF	SOLE	iShares Core S&P Mid-Cap ETF	5275	0	0
iShares Russell 1000 Value ETF	ISHARES TR RUS 1000 VAL ETF	464287598	14	SH	133	iShares Russell 1000 Value ETF	SOLE	iShares Russell 1000 Value ETF	133	0	0
iShares S&P MidCap 400 Growth ETF	ISHARES TR S&P MC 400GR ETF	464287606	12	SH	66	iShares S&P MidCap 400 Growth ETF	SOLE	iShares S&P MidCap 400 Growth ETF	66	0	0
iShares Russell 1000 Growth Index ETF	ISHARES TR RUS 1000 GRW ETF	464287614	53	SH	504	iShares Russell 1000 Growth Index ETF	SOLE	iShares Russell 1000 Growth Index ETF	504	0	0
iShares Russell 2000 Value ETF	ISHARES TR RUS 2000 VAL ETF	464287630	8	SH	80	iShares Russell 2000 Value ETF	SOLE	iShares Russell 2000 Value ETF	80	0	0
iShares Russell 2000 Growth Index ETF	ISHARES TR RUS 2000 GRW ETF	464287648	9	SH	60	iShares Russell 2000 Growth Index ETF	SOLE	iShares Russell 2000 Growth Index ETF	60	0	0
iShares DJ US Telecommunication Sector ETF	ISHARES TR U.S. TELECOM ETF	464287713	9	SH	269	iShares DJ US Telecommunication Sector ETF	SOLE	iShares DJ US Telecommunication Sector ETF	269	0	0
iShares DJ US Technology Sector ETF	ISHARES TR U.S. TECH ETF	464287721	75	SH	628	iShares DJ US Technology Sector ETF	SOLE	iShares DJ US Technology Sector ETF	628	0	0
iShares DJ US Real Estate Index ETF	ISHARES TR U.S. REAL ES ETF	464287739	214	SH	2650	iShares DJ US Real Estate Index ETF	SOLE	iShares DJ US Real Estate Index ETF	2650	0	0
iShares Core S&P Small-Cap ETF	ISHARES TR CORE S&P SCP ETF	464287804	3565	SH	28717	iShares Core S&P Small-Cap ETF	SOLE	iShares Core S&P Small-Cap ETF	28717	0	0
iShares DJ US Basic Materials Sector ETF	ISHARES TR U.S. BAS MTL ETF	464287838	13	SH	169	iShares DJ US Basic Materials Sector ETF	SOLE	iShares DJ US Basic Materials Sector ETF	169	0	0
iShares National Mun Bond ETF	ISHARES TR NATIONAL MUN ETF	464288414	1140	SH	10109	iShares National Mun Bond ETF	SOLE	iShares National Mun Bond ETF	10109	0	0
iShares International Developed Real Estate ETF	ISHARES TR INTL DEV RE ETF	464288489	47	SH	1551	iShares International Developed Real Estate ETF	SOLE	iShares International Developed Real Estate ETF	1551	0	0
iShares IBOXX High Yield Corp Bond ETF	ISHARES TR IBOXX HI YD ETF	464288513	419	SH	4801	iShares IBOXX High Yield Corp Bond ETF	SOLE	iShares IBOXX High Yield Corp Bond ETF	4801	0	0
iShares Barclays MBS Bond ETF	ISHARES TR MBS ETF	464288588	33	SH	298	iShares Barclays MBS Bond ETF	SOLE	iShares Barclays MBS Bond ETF	298	0	0
iShares Barclays 1-3 Yr Credit Bond ETF	ISHARES TR 1-3 YR CR BD ETF	464288646	51	SH	478	iShares Barclays 1-3 Yr Credit Bond ETF	SOLE	iShares Barclays 1-3 Yr Credit Bond ETF	478	0	0
iShares S&P Global Industrials Sector ETF	ISHARES TR GLOB INDSTRL ETF	464288729	42	SH	572	iShares S&P Global Industrials Sector ETF	SOLE	iShares S&P Global Industrials Sector ETF	572	0	0
Ishares Tr US Home Construction Etffd	ISHARES TR US HOME CONS ETF	464288752	28	SH	1000	Ishares Tr US Home Construction Etffd	SOLE	Ishares Tr US Home Construction Etffd	1000	0	0
iShares MSCI USA EEG Select ETF	ISHARES TR USA ESG SLCT ETF	464288802	16	SH	180	iShares MSCI USA EEG Select ETF	SOLE	iShares MSCI USA EEG Select ETF	180	0	0
iShares iBonds 09-2017 Muni ETF	ISHARES IBONDS SEP17 ETF	464289271	1970	SH	72128	iShares iBonds 09-2017 Muni ETF	SOLE	iShares iBonds 09-2017 Muni ETF	72128	0	0
iShares iBonds 09-2019 Muni ETF	ISHARES TR IBONDS SEP19 ETF	46429B564	2531	SH	98686	iShares iBonds 09-2019 Muni ETF	SOLE	iShares iBonds 09-2019 Muni ETF	98686	0	0
iShares iBonds 09-2018 Muni ETF	ISHARES TR IBONDS SEP18 ETF	46429B580	2534	SH	99210	iShares iBonds 09-2018 Muni ETF	SOLE	iShares iBonds 09-2018 Muni ETF	99210	0	0
iShares Core High Dividend ETF	ISHARES TR CORE HIGH DV ETF	46429B663	712	SH	8764	iShares Core High Dividend ETF	SOLE	iShares Core High Dividend ETF	8764	0	0
iShares 0-5 Year High Yield Corp Bond ETF	ISHARES TR 0-5YR HI YL CP	46434V407	76	SH	1617	iShares 0-5 Year High Yield Corp Bond ETF	SOLE	iShares 0-5 Year High Yield Corp Bond ETF	1617	0	0
iShares iBonds 09-2020 Muni ETF	ISHARES TR IBONDS SEP20 ETF	46434V571	2480	SH	96098	iShares iBonds 09-2020 Muni ETF	SOLE	iShares iBonds 09-2020 Muni ETF	96098	0	0
iShares iBonds 12-2018 ETF	ISHARES TR IBONDS DEC18 ETF	46434VAA8	4201	SH	166319	iShares iBonds 12-2018 ETF	SOLE	iShares iBonds 12-2018 ETF	166319	0	0
iShares iBonds 12-2020 ETF	ISHARES TR IBONDS DEC20 ETF	46434VAQ3	4171	SH	162090	iShares iBonds 12-2020 ETF	SOLE	iShares iBonds 12-2020 ETF	162090	0	0
iShares iBonds 12-2019 ETF	ISHARES TR IBONDS DEC19 ETF	46434VAU4	4170	SH	165952	iShares iBonds 12-2019 ETF	SOLE	iShares iBonds 12-2019 ETF	165952	0	0
iShares iBonds 12-2022 ETF	ISHARES TR IBONDS DEC22 ETF	46434VBA7	4244	SH	165768	iShares iBonds 12-2022 ETF	SOLE	iShares iBonds 12-2022 ETF	165768	0	0
iShares iBonds 12-2021ETF	ISHARES TR IBONDS DEC21 ETF	46434VBK5	4213	SH	166257	iShares iBonds 12-2021ETF	SOLE	iShares iBonds 12-2021ETF	166257	0	0
iShares iBonds 12-2022 Muni ETF	ISHARES TR IBONDS DEC22 ETF	46435G755	2049	SH	77797	iShares iBonds 12-2022 Muni ETF	SOLE	iShares iBonds 12-2022 Muni ETF	77797	0	0
iShares iBonds 12-2021 Muni ETF	ISHARES TR IBONDS DEC21 ETF	46435G789	1989	SH	76558	iShares iBonds 12-2021 Muni ETF	SOLE	iShares iBonds 12-2021 Muni ETF	76558	0	0
JPMorgan Chase & Co	JPMORGAN CHASE & CO COM	46625H100	7320	SH	109929	JPMorgan Chase & Co	SOLE	JPMorgan Chase & Co	109929	0	0
Jacobs Engineering Group	JACOBS ENGR GROUP INC DEL COM	469814107	6	SH	125	Jacobs Engineering Group	SOLE	Jacobs Engineering Group	125	0	0
Johnson & Johnson	JOHNSON & JOHNSON COM	478160104	2563	SH	21698	Johnson & Johnson	SOLE	Johnson & Johnson	21698	0	0
KBS Strategic Opportunity REIT NSA	COM	48242N106	34	SH	2500	KBS Strategic Opportunity REIT NSA	SOLE	KBS Strategic Opportunity REIT NSA	2500	0	0
KBS Legacy Partners Apartment REIT Inc USA	COM	48243K101	63	SH	6112	KBS Legacy Partners Apartment REIT Inc USA	SOLE	KBS Legacy Partners Apartment REIT Inc USA	6112	0	0
KLA-Tencor Corp	KLA-TENCOR CORP COM	482480100	6	SH	80	KLA-Tencor Corp	SOLE	KLA-Tencor Corp	80	0	0
KBS REIT III	COM	48668L105	48	SH	4757	KBS REIT III	SOLE	KBS REIT III	4757	0	0
Kellogg Co	KELLOGG CO COM	487836108	31	SH	400	Kellogg Co	SOLE	Kellogg Co	400	0	0
Kimberly-Clark Corp	KIMBERLY CLARK CORP COM	494368103	216	SH	1712	Kimberly-Clark Corp	SOLE	Kimberly-Clark Corp	1712	0	0
Kimco Realty Corp	KIMCO RLTY CORP COM	49446R109	43	SH	1500	Kimco Realty Corp	SOLE	Kimco Realty Corp	1500	0	0
Kinder Morgan Inc	KINDER MORGAN INC DEL COM	49456B101	6	SH	250	Kinder Morgan Inc	SOLE	Kinder Morgan Inc	250	0	0
Kohls Corp	KOHLS CORP COM	500255104	8	SH	178	Kohls Corp	SOLE	Kohls Corp	178	0	0
Kraft Heinz Co	KRAFT HEINZ CO COM	500754106	10	SH	115	Kraft Heinz Co	SOLE	Kraft Heinz Co	115	0	0
Kroger Co	KROGER CO COM	501044101	52	SH	1752	Kroger Co	SOLE	Kroger Co	1752	0	0
Lamar Advertising Co New Class A	LAMAR ADVERTISING CO NEW CL A	512816109	4	SH	55	Lamar Advertising Co New Class A	SOLE	Lamar Advertising Co New Class A	55	0	0
Landmark Bancshares	LANDMARK BANCORP INC COM	51504L107	1057	SH	39895	Landmark Bancshares	SOLE	Landmark Bancshares	39895	0	0
Leggett & Platt Inc	LEGGETT & PLATT INC COM	524660107	25	SH	541	Leggett & Platt Inc	SOLE	Leggett & Platt Inc	541	0	0
Lexmark Intl Inc Class A	LEXMARK INTL INC CL A	529771107	8	SH	200	Lexmark Intl Inc Class A	SOLE	Lexmark Intl Inc Class A	200	0	0
Eli Lilly & Co	LILLY ELI & CO COM	532457108	137	SH	1708	Eli Lilly & Co	SOLE	Eli Lilly & Co	1708	0	0
Littelfuse Inc	LITTELFUSE INC COM	537008104	26	SH	200	Littelfuse Inc	SOLE	Littelfuse Inc	200	0	0
Nashville Area ETF	LOCALSHARES INVT TR NASHVILLE AREA E	53957P106	5	SH	200	Nashville Area ETF	SOLE	Nashville Area ETF	200	0	0
Lockheed Martin Corp	LOCKHEED MARTIN CORP COM	539830109	45	SH	187	Lockheed Martin Corp	SOLE	Lockheed Martin Corp	187	0	0
Lowes Companies Inc	LOWES COS INC COM	548661107	14	SH	200	Lowes Companies Inc	SOLE	Lowes Companies Inc	200	0	0
M & T Bk Corp 	T BK CORP COM	55261F104	2	SH	16	M & T Bk Corp 	SOLE	M & T Bk Corp 	16	0	0
Martin Marietta Matls Inc 	MARTIN MARIETTA MATLS INC COM	573284106	18	SH	100	Martin Marietta Matls Inc 	SOLE	Martin Marietta Matls Inc 	100	0	0
Mastercard Inc Class A	MASTERCARD INCORPORATED CL A	57636Q104	915	SH	8994	Mastercard Inc Class A	SOLE	Mastercard Inc Class A	8994	0	0
Mattel Inc 	MATTEL INC COM	577081102	15	SH	500	Mattel Inc 	SOLE	Mattel Inc 	500	0	0
Maxim Integrated Prods Inc 	MAXIM INTEGRATED PRODS INC COM	57772K101	2	SH	58	Maxim Integrated Prods Inc 	SOLE	Maxim Integrated Prods Inc 	58	0	0
McDonald's Corp	MCDONALDS CORP COM	580135101	102	SH	883	McDonald's Corp	SOLE	McDonald's Corp	883	0	0
McKesson Corp	MCKESSON CORP COM	58155Q103	83	SH	500	McKesson Corp	SOLE	McKesson Corp	500	0	0
Merck & Co Inc	MERCK & CO INC COM	58933Y105	5156	SH	82619	Merck & Co Inc	SOLE	Merck & Co Inc	82619	0	0
Microsoft	MICROSOFT CORP COM	594918104	1774	SH	30807	Microsoft	SOLE	Microsoft	30807	0	0
Microchip Technology Inc	MICROCHIP TECHNOLOGY INC COM	595017104	17	SH	266	Microchip Technology Inc	SOLE	Microchip Technology Inc	266	0	0
Monsanto Co New Del	MONSANTO CO NEW COM	61166W101	2441	SH	23887	Monsanto Co New Del	SOLE	Monsanto Co New Del	23887	0	0
Mosaic Co New	MOSAIC CO NEW COM	61945C103	10	SH	425	Mosaic Co New	SOLE	Mosaic Co New	425	0	0
NRG Energy Inc 	ENERGY INC COM NEW	629377508	1	SH	95	NRG Energy Inc 	SOLE	NRG Energy Inc 	95	0	0
NASDAQ Inc.	NASDAQ INC COM	631103108	13	SH	188	NASDAQ Inc.	SOLE	NASDAQ Inc.	188	0	0
National Retail Properties Inc	NATIONAL RETAIL PPTYS INC COM	637417106	4	SH	83	National Retail Properties Inc	SOLE	National Retail Properties Inc	83	0	0
Netflix, Inc.	NETFLIX INC COM	64110L106	10	SH	105	Netflix, Inc.	SOLE	Netflix, Inc.	105	0	0
New Mtn Fin Corp 	MTN FIN CORP COM	647551100	3	SH	242	New Mtn Fin Corp 	SOLE	New Mtn Fin Corp 	242	0	0
Nextera Energy Inc	NEXTERA ENERGY INC COM	65339F101	96	SH	786	Nextera Energy Inc	SOLE	Nextera Energy Inc	786	0	0
Nike Inc Cl B	NIKE INC CL B	654106103	81	SH	1535	Nike Inc Cl B	SOLE	Nike Inc Cl B	1535	0	0
Noble Energy Inc	NOBLE ENERGY INC COM	655044105	7	SH	200	Noble Energy Inc	SOLE	Noble Energy Inc	200	0	0
Norfolk Southern Corp	NORFOLK SOUTHERN CORP COM	655844108	16	SH	160	Norfolk Southern Corp	SOLE	Norfolk Southern Corp	160	0	0
Northern Trust Company	NORTHERN TR CORP COM	665859104	27	SH	400	Northern Trust Company	SOLE	Northern Trust Company	400	0	0
Northrop Grumman Corp	NORTHROP GRUMMAN CORP COM	666807102	56	SH	260	Northrop Grumman Corp	SOLE	Northrop Grumman Corp	260	0	0
Novartis AG-ADR	NOVARTIS A G SPONSORED ADR	66987V109	814	SH	10308	Novartis AG-ADR	SOLE	Novartis AG-ADR	10308	0	0
Nucor Corp	NUCOR CORP COM	670346105	3923	SH	79338	Nucor Corp	SOLE	Nucor Corp	79338	0	0
Nuveen S&P 500 Dynamic Overwrite Fund 	NUVEEN S&P 500 DYN OVERWRITE COM	6706EW100	25	SH	1800	Nuveen S&P 500 Dynamic Overwrite Fund 	SOLE	Nuveen S&P 500 Dynamic Overwrite Fund 	1800	0	0
OGE Energy Corp	ENERGY CORP COM	670837103	32	SH	1000	OGE Energy Corp	SOLE	OGE Energy Corp	1000	0	0
Occidental Petroleum	OCCIDENTAL PETE CORP DEL COM	674599105	68	SH	928	Occidental Petroleum	SOLE	Occidental Petroleum	928	0	0
Oneok Partners LP	ONEOK PARTNERS LP UNIT LTD PARTN	68268N103	80	SH	2000	Oneok Partners LP	SOLE	Oneok Partners LP	2000	0	0
Oracle Systems Corp	ORACLE CORP COM	68389X105	75	SH	1920	Oracle Systems Corp	SOLE	Oracle Systems Corp	1920	0	0
PNM Resources Inc	RES INC COM	69349H107	82	SH	2496	PNM Resources Inc	SOLE	PNM Resources Inc	2496	0	0
PPL Corp 	CORP COM	69351T106	25	SH	716	PPL Corp 	SOLE	PPL Corp 	716	0	0
Parker Hannifin	PARKER HANNIFIN CORP COM	701094104	6	SH	45	Parker Hannifin	SOLE	Parker Hannifin	45	0	0
Paychex Inc	PAYCHEX INC COM	704326107	22	SH	375	Paychex Inc	SOLE	Paychex Inc	375	0	0
Peoples Utd Finl Inc 	PEOPLES UNITED FINANCIAL INC COM	712704105	8	SH	483	Peoples Utd Finl Inc 	SOLE	Peoples Utd Finl Inc 	483	0	0
Pepsico Inc	PEPSICO INC COM	713448108	1890	SH	17377	Pepsico Inc	SOLE	Pepsico Inc	17377	0	0
Pfizer	PFIZER INC COM	717081103	414	SH	12215	Pfizer	SOLE	Pfizer	12215	0	0
Philip Morris Intl Inc	PHILIP MORRIS INTL INC COM	718172109	141	SH	1450	Philip Morris Intl Inc	SOLE	Philip Morris Intl Inc	1450	0	0
Phillips 66	PHILLIPS 66 COM	718546104	261	SH	3236	Phillips 66	SOLE	Phillips 66	3236	0	0
Pimco Etf Tr 0-5 Yr High Yield Corp Bd Index 	PIMCO ETF TR 0-5 HIGH YIELD	72201R783	2	SH	25	Pimco Etf Tr 0-5 Yr High Yield Corp Bd Index 	SOLE	Pimco Etf Tr 0-5 Yr High Yield Corp Bd Index 	25	0	0
Pimco Etf Tr Enhanced Short Mat Activeetf	PIMCO ETF TR ENHAN SHRT MA AC	72201R833	3	SH	28	Pimco Etf Tr Enhanced Short Mat Activeetf	SOLE	Pimco Etf Tr Enhanced Short Mat Activeetf	28	0	0
Pimco Dynamic Cr Income Fund	PIMCO DYNMIC CREDIT AND MRT COM SHS	72202D106	42	SH	2075	Pimco Dynamic Cr Income Fund	SOLE	Pimco Dynamic Cr Income Fund	2075	0	0
Pinnacle West Capital Cp	PINNACLE WEST CAP CORP COM	723484101	82	SH	1081	Pinnacle West Capital Cp	SOLE	Pinnacle West Capital Cp	1081	0	0
Potbelly Corp Common	POTBELLY CORP COM	73754Y100	5	SH	400	Potbelly Corp Common	SOLE	Potbelly Corp Common	400	0	0
Powershares DB Commodity Index ETF	POWERSHARES DB CMDTY IDX TRA UNIT BEN INT	73935S105	373	SH	24883	Powershares DB Commodity Index ETF	SOLE	Powershares DB Commodity Index ETF	24883	0	0
PowerShares DB G10 Currency Harvest ETF	POWERSHARES DB G10 CURCY HAR COM UT BEN INT	73935Y102	14	SH	575	PowerShares DB G10 Currency Harvest ETF	SOLE	PowerShares DB G10 Currency Harvest ETF	575	0	0
Powershares ETF Tr Ii High Yield Usd Bd Portfolio	POWERSHARES ETF TR II FDM HG YLD RAFI	73936T557	17	SH	921	Powershares ETF Tr Ii High Yield Usd Bd Portfolio	SOLE	Powershares ETF Tr Ii High Yield Usd Bd Portfolio	921	0	0
PowerShares Preferred Portfolio ETF	POWERSHARES ETF TR II PFD PORTFOLIO	73936T565	11	SH	746	PowerShares Preferred Portfolio ETF	SOLE	PowerShares Preferred Portfolio ETF	746	0	0
Priceline Group Inc	PRICELINE GRP INC COM NEW	741503403	1928	SH	1310	Priceline Group Inc	SOLE	Priceline Group Inc	1310	0	0
Procter & Gamble Co	PROCTER AND GAMBLE CO COM	742718109	1483	SH	16528	Procter & Gamble Co	SOLE	Procter & Gamble Co	16528	0	0
Progressive Corp	PROGRESSIVE CORP OHIO COM	743315103	3	SH	94	Progressive Corp	SOLE	Progressive Corp	94	0	0
Prudential Financial	PRUDENTIAL FINL INC COM	744320102	145	SH	1776	Prudential Financial	SOLE	Prudential Financial	1776	0	0
Qualcomm Inc	QUALCOMM INC COM	747525103	6758	SH	98657	Qualcomm Inc	SOLE	Qualcomm Inc	98657	0	0
Quidel Corp	QUIDEL CORP COM	74838J101	3	SH	120	Quidel Corp	SOLE	Quidel Corp	120	0	0
Raymond James Financial Inc	RAYMOND JAMES FINANCIAL INC COM	754730109	15	SH	253	Raymond James Financial Inc	SOLE	Raymond James Financial Inc	253	0	0
Raytheon Company	RAYTHEON CO COM NEW	755111507	14	SH	105	Raytheon Company	SOLE	Raytheon Company	105	0	0
Realty Income Corp	REALTY INCOME CORP COM	756109104	8	SH	125	Realty Income Corp	SOLE	Realty Income Corp	125	0	0
Regency Centers Corp	REGENCY CTRS CORP COM	758849103	3	SH	36	Regency Centers Corp	SOLE	Regency Centers Corp	36	0	0
Reynolds American Inc 	REYNOLDS AMERICAN INC COM	761713106	5	SH	100	Reynolds American Inc 	SOLE	Reynolds American Inc 	100	0	0
Rio Tinto PLC Spon-ADR	TINTO PLC SPONSORED ADR	767204100	2	SH	50	Rio Tinto PLC Spon-ADR	SOLE	Rio Tinto PLC Spon-ADR	50	0	0
Rockwell Automation	ROCKWELL AUTOMATION INC COM	773903109	17	SH	141	Rockwell Automation	SOLE	Rockwell Automation	141	0	0
Ross Stores Inc	ROSS STORES INC COM	778296103	11	SH	165	Ross Stores Inc	SOLE	Ross Stores Inc	165	0	0
S&P Global Inc	GLOBAL INC COM	78409V104	101	SH	800	S&P Global Inc	SOLE	S&P Global Inc	800	0	0
SPDR S&P 500 Index ETF	SPDR S&P 500 ETF TR TR UNIT	78462F103	160	SH	739	SPDR S&P 500 Index ETF	SOLE	SPDR S&P 500 Index ETF	739	0	0
SPDR Gold Trust ETF	SPDR GOLD TRUST GOLD SHS	78463V107	7	SH	56	SPDR Gold Trust ETF	SOLE	SPDR Gold Trust ETF	56	0	0
SPDR S&P Intl Dividend - ETF	SPDR INDEX SHS FDS S&P INTL ETF	78463X772	53	SH	1450	SPDR S&P Intl Dividend - ETF	SOLE	SPDR S&P Intl Dividend - ETF	1450	0	0
SPDR Dow Jones International Real Estate ETF	SPDR INDEX SHS FDS DJ INTL RL ETF	78463X863	2	SH	56	SPDR Dow Jones International Real Estate ETF	SOLE	SPDR Dow Jones International Real Estate ETF	56	0	0
SPDR Nuveen S&P High Yield Muni ETF	SPDR SERIES TRUST NUV HGHYLD MUN	78464A284	320	SH	5387	SPDR Nuveen S&P High Yield Muni ETF	SOLE	SPDR Nuveen S&P High Yield Muni ETF	5387	0	0
SPDR Dow Jones REIT Index ETF	SPDR SERIES TRUST DJ REIT ETF	78464A607	49	SH	505	SPDR Dow Jones REIT Index ETF	SOLE	SPDR Dow Jones REIT Index ETF	505	0	0
SPDR S&P MidCap 400 Index ETF	SPDR S&P MIDCAP 400 ETF TR UTSER1 S&PDCRP	78467Y107	210	SH	745	SPDR S&P MidCap 400 Index ETF	SOLE	SPDR S&P MidCap 400 Index ETF	745	0	0
SPDR Nuveen Barclays Muni Bond ETF	SPDR SER TR NUVN BRCLY MUNI	78468R721	803	SH	16025	SPDR Nuveen Barclays Muni Bond ETF	SOLE	SPDR Nuveen Barclays Muni Bond ETF	16025	0	0
SPDR Nuveen Short Term Muni Bond ETF	SER TR NUVN BR SHT MUNI	78468R739	18	SH	360	SPDR Nuveen Short Term Muni Bond ETF	SOLE	SPDR Nuveen Short Term Muni Bond ETF	360	0	0
Sanofi ADR	SANOFI SPONSORED ADR	80105N105	756	SH	19790	Sanofi ADR	SOLE	Sanofi ADR	19790	0	0
Schlumberger Ltd	SCHLUMBERGER LTD COM	806857108	619	SH	7865	Schlumberger Ltd	SOLE	Schlumberger Ltd	7865	0	0
Schwab International Equity ETF	SCHWAB STRATEGIC TR INTL EQTY ETF	808524805	38	SH	1305	Schwab International Equity ETF	SOLE	Schwab International Equity ETF	1305	0	0
SPDR Consumer Staples Sector ETF	SELECT SECTOR SPDR TR SBI CONS STPLS	81369Y308	33	SH	615	SPDR Consumer Staples Sector ETF	SOLE	SPDR Consumer Staples Sector ETF	615	0	0
SPDR Consumer Discretionary Sector ETF	SELECT SECTOR SPDR TR SBI CONS DISCR	81369Y407	56	SH	695	SPDR Consumer Discretionary Sector ETF	SOLE	SPDR Consumer Discretionary Sector ETF	695	0	0
SPDR Energy Sector ETF	SELECT SECTOR SPDR TR SBI INT-ENERGY	81369Y506	28	SH	400	SPDR Energy Sector ETF	SOLE	SPDR Energy Sector ETF	400	0	0
SPDR Financial Sector ETF	SELECT SECTOR SPDR TR SBI INT-FINL	81369Y605	62	SH	3197	SPDR Financial Sector ETF	SOLE	SPDR Financial Sector ETF	3197	0	0
SPDR Technology Sector ETF	SELECT SECTOR SPDR TR TECHNOLOGY	81369Y803	111	SH	2315	SPDR Technology Sector ETF	SOLE	SPDR Technology Sector ETF	2315	0	0
SPDR Real Estate ETF	SELECT SECTOR SPDR TR RL EST SEL SEC	81369Y860	15	SH	445	SPDR Real Estate ETF	SOLE	SPDR Real Estate ETF	445	0	0
SPDR Utilities Select Sector ETF	SELECT SECTOR SPDR TR SBI INT-UTILS	81369Y886	10	SH	206	SPDR Utilities Select Sector ETF	SOLE	SPDR Utilities Select Sector ETF	206	0	0
Service Corp International	SERVICE CORP INTL COM	817565104	81	SH	3050	Service Corp International	SOLE	Service Corp International	3050	0	0
Shire Plc Sponsored ADR	SHIRE PLC SPONSORED ADR	82481R106	6	SH	30	Shire Plc Sponsored ADR	SOLE	Shire Plc Sponsored ADR	30	0	0
Smith & Wesson Holding Corp	SMITH & WESSON HLDG CORP COM	831756101	5	SH	200	Smith & Wesson Holding Corp	SOLE	Smith & Wesson Holding Corp	200	0	0
Sonoco Products Co	SONOCO PRODS CO COM	835495102	2	SH	46	Sonoco Products Co	SOLE	Sonoco Products Co	46	0	0
South Jersey Inds Inc Common	SOUTH JERSEY INDS INC COM	838518108	292	SH	9895	South Jersey Inds Inc Common	SOLE	South Jersey Inds Inc Common	9895	0	0
Southern Company Inc	SOUTHERN CO COM	842587107	909	SH	17727	Southern Company Inc	SOLE	Southern Company Inc	17727	0	0
Southwest Airlines	SOUTHWEST AIRLS CO COM	844741108	20	SH	525	Southwest Airlines	SOLE	Southwest Airlines	525	0	0
Southwest Bancorp, Inc.	SOUTHWEST BANCORP INC OKLA COM	844767103	19	SH	1000	Southwest Bancorp, Inc.	SOLE	Southwest Bancorp, Inc.	1000	0	0
Southwest Gas Corp	SOUTHWEST GAS CORP COM	844895102	7	SH	100	Southwest Gas Corp	SOLE	Southwest Gas Corp	100	0	0
Spectra Energy Corp	SPECTRA ENERGY CORP COM	847560109	1014	SH	23714	Spectra Energy Corp	SOLE	Spectra Energy Corp	23714	0	0
Spirit Airlines	SPIRIT AIRLS INC COM	848577102	2	SH	50	Spirit Airlines	SOLE	Spirit Airlines	50	0	0
Starbucks Corporation	STARBUCKS CORP COM	855244109	2977	SH	54987	Starbucks Corporation	SOLE	Starbucks Corporation	54987	0	0
Tcp Cap Corp 	CAP CORP COM	87238Q103	5	SH	280	Tcp Cap Corp 	SOLE	Tcp Cap Corp 	280	0	0
TJX Cos Inc	COS INC NEW COM	872540109	10	SH	130	TJX Cos Inc	SOLE	TJX Cos Inc	130	0	0
T-Mobile US Inc	MOBILE US INC COM	872590104	463	SH	9904	T-Mobile US Inc	SOLE	T-Mobile US Inc	9904	0	0
Tpg Specialty Lending Inc 	SPECIALTY LENDING INC COM	87265K102	3	SH	169	Tpg Specialty Lending Inc 	SOLE	Tpg Specialty Lending Inc 	169	0	0
Templeton Global Income CEF	TEMPLETON GLOBAL INCOME FD COM	880198106	3	SH	500	Templeton Global Income CEF	SOLE	Templeton Global Income CEF	500	0	0
Tesla Motors Inc	TESLA MTRS INC COM	88160R101	20	SH	100	Tesla Motors Inc	SOLE	Tesla Motors Inc	100	0	0
Teva Pharmaceutical Inds Ltd	TEVA PHARMACEUTICAL INDS LTD ADR	881624209	39	SH	850	Teva Pharmaceutical Inds Ltd	SOLE	Teva Pharmaceutical Inds Ltd	850	0	0
Texas Instruments	TEXAS INSTRS INC COM	882508104	98	SH	1400	Texas Instruments	SOLE	Texas Instruments	1400	0	0
Thermo Fisher Corp	THERMO FISHER SCIENTIFIC INC COM	883556102	17	SH	105	Thermo Fisher Corp	SOLE	Thermo Fisher Corp	105	0	0
3M Company	CO COM	88579Y101	626	SH	3552	3M Company	SOLE	3M Company	3552	0	0
Time Inc New Common	TIME INC NEW COM	887228104	1	SH	4	Time Inc New Common	SOLE	Time Inc New Common	4	0	0
Time Warner Inc	TIME WARNER INC COM NEW	887317303	5025	SH	63126	Time Warner Inc	SOLE	Time Warner Inc	63126	0	0
Tootsie Roll Inds Inc	TOOTSIE ROLL INDS INC COM	890516107	26	SH	715	Tootsie Roll Inds Inc	SOLE	Tootsie Roll Inds Inc	715	0	0
Tortoise Energy Infrastructure Corp CEF	TORTOISE ENERGY INFRA CORP COM	89147L100	67	SH	2190	Tortoise Energy Infrastructure Corp CEF	SOLE	Tortoise Energy Infrastructure Corp CEF	2190	0	0
Travelers Co Inc	TRAVELERS COMPANIES INC COM	89417E109	11	SH	97	Travelers Co Inc	SOLE	Travelers Co Inc	97	0	0
Tyson Foods Cl A	TYSON FOODS INC CL A	902494103	72	SH	960	Tyson Foods Cl A	SOLE	Tyson Foods Cl A	960	0	0
US Bancorp New	BANCORP DEL COM NEW	902973304	382	SH	8913	US Bancorp New	SOLE	US Bancorp New	8913	0	0
Unilever PLC ADR	UNILEVER PLC SPON ADR NEW	904767704	11	SH	222	Unilever PLC ADR	SOLE	Unilever PLC ADR	222	0	0
Unilever N V NY Shares	UNILEVER N V N Y SHS NEW	904784709	22	SH	475	Unilever N V NY Shares	SOLE	Unilever N V NY Shares	475	0	0
Union Pacific	UNION PAC CORP COM	907818108	166	SH	1701	Union Pacific	SOLE	Union Pacific	1701	0	0
United Parcel Service	UNITED PARCEL SERVICE INC CL B	911312106	149	SH	1367	United Parcel Service	SOLE	United Parcel Service	1367	0	0
United Technologies Corp	UNITED TECHNOLOGIES CORP COM	913017109	983	SH	9675	United Technologies Corp	SOLE	United Technologies Corp	9675	0	0
Unitedhealth Group Inc	UNITEDHEALTH GROUP INC COM	91324P102	41	SH	295	Unitedhealth Group Inc	SOLE	Unitedhealth Group Inc	295	0	0
VF Corp	CORP COM	918204108	920	SH	16409	VF Corp	SOLE	VF Corp	16409	0	0
Valero Energy Corp New	VALERO ENERGY CORP NEW COM	91913Y100	13	SH	250	Valero Energy Corp New	SOLE	Valero Energy Corp New	250	0	0
VanEck Vectors ETF Tr	VANECK VECTORS ETF TR BIOTECH ETF	92189F726	49	SH	425	VanEck Vectors ETF Tr	SOLE	VanEck Vectors ETF Tr	425	0	0
Vanguard Dividend Appreciation Index ETF	VANGUARD SPECIALIZED PORTFOL DIV APP ETF	921908844	1114	SH	13277	Vanguard Dividend Appreciation Index ETF	SOLE	Vanguard Dividend Appreciation Index ETF	13277	0	0
Vanguard Intermediate-Term Bond ETF	VANGUARD BD INDEX FD INC INTERMED TERM	921937819	79	SH	900	Vanguard Intermediate-Term Bond ETF	SOLE	Vanguard Intermediate-Term Bond ETF	900	0	0
Vanguard Short-Term Bond ETF	VANGUARD BD INDEX FD INC SHORT TRM BOND	921937827	476	SH	5893	Vanguard Short-Term Bond ETF	SOLE	Vanguard Short-Term Bond ETF	5893	0	0
Vanguard FTSE Developed Markets ETF	VANGUARD TAX MANAGED INTL FD FTSE DEV MKT ETF	921943858	1561	SH	41721	Vanguard FTSE Developed Markets ETF	SOLE	Vanguard FTSE Developed Markets ETF	41721	0	0
Vanguard Emerging Market Govt Bond Index ETF	VANGUARD WHITEHALL FDS INC EMERG MKT BD ETF	921946885	39	SH	475	Vanguard Emerging Market Govt Bond Index ETF	SOLE	Vanguard Emerging Market Govt Bond Index ETF	475	0	0
Vanguard Short-Term TIPS ETF	VANGUARD MALVERN FDS STRM INFPROIDX	922020805	42	SH	840	Vanguard Short-Term TIPS ETF	SOLE	Vanguard Short-Term TIPS ETF	840	0	0
Vanguard Total Intl Bond Index ETF	VANGUARD CHARLOTTE FDS INTL BD IDX ETF	92203J407	343	SH	6125	Vanguard Total Intl Bond Index ETF	SOLE	Vanguard Total Intl Bond Index ETF	6125	0	0
Vanguard FTSE Emerging Markets ETF	VANGUARD INTL EQUITY INDEX F FTSE EMR MKT ETF	922042858	369	SH	9806	Vanguard FTSE Emerging Markets ETF	SOLE	Vanguard FTSE Emerging Markets ETF	9806	0	0
Vanguard Short-Term Corporate Bond ETF	VANGUARD SCOTTSDALE FDS SHRT TRM CORP BD	92206C409	4	SH	48	Vanguard Short-Term Corporate Bond ETF	SOLE	Vanguard Short-Term Corporate Bond ETF	48	0	0
Vanguard Intermediate-Term Corporate Bond ETF	VANGUARD SCOTTSDALE FDS INT-TERM CORP	92206C870	1141	SH	12735	Vanguard Intermediate-Term Corporate Bond ETF	SOLE	Vanguard Intermediate-Term Corporate Bond ETF	12735	0	0
Vectren Corp	VECTREN CORP COM	92240G101	19	SH	379	Vectren Corp	SOLE	Vectren Corp	379	0	0
Ventas Inc	VENTAS INC COM	92276F100	26	SH	370	Ventas Inc	SOLE	Ventas Inc	370	0	0
Vanguard Mid-Cap Growth Index ETF	VANGUARD INDEX FDS MCAP GR IDXVIP	922908538	40	SH	376	Vanguard Mid-Cap Growth Index ETF	SOLE	Vanguard Mid-Cap Growth Index ETF	376	0	0
Vanguard REIT ETF	VANGUARD INDEX FDS REIT ETF	922908553	731	SH	8429	Vanguard REIT ETF	SOLE	Vanguard REIT ETF	8429	0	0
Vanguard Small-Cap Value ETF	VANGUARD INDEX FDS SM CP VAL ETF	922908611	13	SH	115	Vanguard Small-Cap Value ETF	SOLE	Vanguard Small-Cap Value ETF	115	0	0
Vanguard Growth Index ETF	VANGUARD INDEX FDS GROWTH ETF	922908736	1180	SH	10512	Vanguard Growth Index ETF	SOLE	Vanguard Growth Index ETF	10512	0	0
Vanguard Value ETF	VANGUARD INDEX FDS VALUE ETF	922908744	1202	SH	13815	Vanguard Value ETF	SOLE	Vanguard Value ETF	13815	0	0
Vanguard US Total Stock Market ETF	VANGUARD INDEX FDS TOTAL STK MKT	922908769	247	SH	2222	Vanguard US Total Stock Market ETF	SOLE	Vanguard US Total Stock Market ETF	2222	0	0
Vereit Inc Common	VEREIT INC COM	92339V100	91	SH	8790	Vereit Inc Common	SOLE	Vereit Inc Common	8790	0	0
Verizon Communications	VERIZON COMMUNICATIONS INC COM	92343V104	124	SH	2386	Verizon Communications	SOLE	Verizon Communications	2386	0	0
Viacom Inc Cl B	VIACOM INC NEW CL B	92553P201	7	SH	196	Viacom Inc Cl B	SOLE	Viacom Inc Cl B	196	0	0
Vodafone Group Plc ADR	VODAFONE GROUP PLC NEW SPNSR ADR	92857W308	4	SH	142	Vodafone Group Plc ADR	SOLE	Vodafone Group Plc ADR	142	0	0
Wec Energy Group Inc Common	ENERGY GROUP INC COM	92939U106	101	SH	1688	Wec Energy Group Inc Common	SOLE	Wec Energy Group Inc Common	1688	0	0
Wal-Mart Stores Inc	WAL-MART STORES INC COM	931142103	1511	SH	20958	Wal-Mart Stores Inc	SOLE	Wal-Mart Stores Inc	20958	0	0
Walgreens Boots Alliance Inc.	WALGREENS BOOTS ALLIANCE INC COM	931427108	63	SH	787	Walgreens Boots Alliance Inc.	SOLE	Walgreens Boots Alliance Inc.	787	0	0
Waste Management Inc 	WASTE MGMT INC DEL COM	94106L109	1102	SH	17282	Waste Management Inc 	SOLE	Waste Management Inc 	17282	0	0
Watsco Inc Class A	WATSCO INC COM	942622200	5	SH	33	Watsco Inc Class A	SOLE	Watsco Inc Class A	33	0	0
Weight Watchers Intl Inc	WEIGHT WATCHERS INTL INC NEW COM	948626106	2	SH	200	Weight Watchers Intl Inc	SOLE	Weight Watchers Intl Inc	200	0	0
Wells Fargo & Co New	WELLS FARGO & CO NEW COM	949746101	5706	SH	128852	Wells Fargo & Co New	SOLE	Wells Fargo & Co New	128852	0	0
Welltower Inc 	WELLTOWER INC COM	95040Q104	2	SH	28	Welltower Inc 	SOLE	Welltower Inc 	28	0	0
Westar Energy	WESTAR ENERGY INC COM	95709T100	779	SH	13733	Westar Energy	SOLE	Westar Energy	13733	0	0
Western Digital Corp	WESTERN DIGITAL CORP COM	958102105	5060	SH	86540	Western Digital Corp	SOLE	Western Digital Corp	86540	0	0
Weyerhaeuser Co	WEYERHAEUSER CO COM	962166104	37	SH	1152	Weyerhaeuser Co	SOLE	Weyerhaeuser Co	1152	0	0
Whitewave Foods	WHITEWAVE FOODS CO COM	966244105	5	SH	100	Whitewave Foods	SOLE	Whitewave Foods	100	0	0
Windstream Hldgs Inc Common New	WINDSTREAM HLDGS INC COM NEW	97382A200	1	SH	43	Windstream Hldgs Inc Common New	SOLE	Windstream Hldgs Inc Common New	43	0	0
Xcel Energy Inc	XCEL ENERGY INC COM	98389B100	12	SH	289	Xcel Energy Inc	SOLE	Xcel Energy Inc	289	0	0
Yum Brands Inc	BRANDS INC COM	988498101	7	SH	75	Yum Brands Inc	SOLE	Yum Brands Inc	75	0	0
Zimmer Biomet Holdings Inc	ZIMMER BIOMET HLDGS INC COM	98956P102	13	SH	100	Zimmer Biomet Holdings Inc	SOLE	Zimmer Biomet Holdings Inc	100	0	0
Zion Oil & Gas Inc Common	ZION OIL & GAS INC COM	989696109	1	SH	1000	Zion Oil & Gas Inc Common	SOLE	Zion Oil & Gas Inc Common	1000	0	0
Bunge Limited F	BUNGE LIMITED COM	G16962105	24	SH	400	Bunge Limited F	SOLE	Bunge Limited F	400	0	0
Ingersoll-Rand PLC ADR	INGERSOLL-RAND PLC SHS	G47791101	20	SH	293	Ingersoll-Rand PLC ADR	SOLE	Ingersoll-Rand PLC ADR	293	0	0
Medtronic PLC	MEDTRONIC PLC SHS	G5960L103	38	SH	445	Medtronic PLC	SOLE	Medtronic PLC	445	0	0
Chubb Limited	CHUBB LIMITED COM	H1467J104	17	SH	137	Chubb Limited	SOLE	Chubb Limited	137	0	0
Broadcom Ltd,	BROADCOM LTD SHS	Y09827109	17	SH	100	Broadcom Ltd,	SOLE	Broadcom Ltd,	100	0	0
Nordic American Offshore Ltd, Hamilton, Bermuda Shs	SHS	Y6366T112	1	SH	300	Nordic American Offshore Ltd, Hamilton, Bermuda Shs	SOLE	Nordic American Offshore Ltd, Hamilton, Bermuda Shs	300	0	0
Seadrill Partners LLC Units	SEADRILL PARTNERS LLC COMUNIT REP LB	Y7545W109	29	SH	8100	Seadrill Partners LLC Units	SOLE	Seadrill Partners LLC Units	8100	0	0
